"Time of Day","Process Name","PID","Operation","Path","Result","Detail"
"10:32:42.6330232 AM","sample_create_window.exe","36048","Process Start","","SUCCESS","Parent PID: 12416, Command line: ""C:\Users\me\source\hello_runner\target\debug\sample_create_window.exe"", Current directory: C:\Users\me\source\hello_runner\create_window\, Environment: ;	=C:=C:\Users\me\source\hello_runner\create_window;	=ExitCode=00000000;	ALLUSERSPROFILE=C:\ProgramData;	APPDATA=C:\Users\me\AppData\Roaming;	CARBON_MEM_DISABLE=1;	CARGO=\\?\C:\Users\me\.rustup\toolchains\nightly-x86_64-pc-windows-msvc\bin\cargo.exe;	CARGO_HOME=C:\Users\me\.cargo;	CARGO_MANIFEST_DIR=C:\Users\me\source\hello_runner\create_window;	CARGO_PKG_AUTHORS=;	CARGO_PKG_DESCRIPTION=;	CARGO_PKG_HOMEPAGE=;	CARGO_PKG_LICENSE=;	CARGO_PKG_LICENSE_FILE=;	CARGO_PKG_NAME=sample_create_window;	CARGO_PKG_REPOSITORY=;	CARGO_PKG_RUST_VERSION=;	CARGO_PKG_VERSION=0.0.0;	CARGO_PKG_VERSION_MAJOR=0;	CARGO_PKG_VERSION_MINOR=0;	CARGO_PKG_VERSION_PATCH=0;	CARGO_PKG_VERSION_PRE=;	ChocolateyInstall=C:\ProgramData\chocolatey;	ChocolateyLastPathUpdate=Fri Mar 18 11:39:58 2022;	ChocolateyToolsLocation=C:\tools;	CHROME_CRASHPAD_PIPE_NAME=\\.\pipe\LOCAL\crashpad_460_FKZYWJPGKSYKJRSV;	COLORTERM=truecolor;	CommonProgramFiles=C:\Program Files\Common Files;	CommonProgramFiles(x86)=C:\Program Files (x86)\Common Files;	CommonProgramW6432=C:\Program Files\Common Files;	COMPUTERNAME=ENVY;	ComSpec=C:\WINDOWS\system32\cmd.exe;	DriverData=C:\Windows\System32\Drivers\DriverData;	GIT_ASKPASS=c:\Users\me\AppData\Local\Programs\Microsoft VS Code\resources\app\extensions\git\dist\askpass.sh;	GOPATH=C:\Users\me\go;	HOMEDRIVE=C:;	HOMEPATH=\Users\me;	IntelliJ IDEA Community Edition=C:\Program Files\JetBrains\IntelliJ IDEA Community Edition 2022.3.1\bin;;	LANG=en_US.UTF-8;	LD_LIBRARY_PATH=C:\Users\me\.rustup\toolchains\nightly-x86_64-pc-windows-msvc\lib;	LOCALAPPDATA=C:\Users\me\AppData\Local;	LOGONSERVER=\\ENVY;	NUMBER_OF_PROCESSORS=8;	OneDrive=D:\me\OneDrive;	OneDriveConsumer=D:\me\OneDrive;	OnlineServices=Online Services;	ORIGINAL_XDG_CURRENT_DESKTOP=undefined;	OS=Windows_NT;	Path=C:\Users\me\source\hello_runner\target\debug\deps;C:\Users\me\source\hello_runner\target\debug;C:\Users\me\.rustup\toolchains\nightly-x86_64-pc-windows-msvc\lib\rustlib\x86_64-pc-windows-msvc\lib;C:\Users\me\.rustup\toolchains\nightly-x86_64-pc-windows-msvc\bin;C:\Program Files\Lapce\;C:\Program Files (x86)\VMware\VMware Player\bin\;C:\Program Files\Eclipse Adoptium\jdk-17.0.5.8-hotspot\bin;C:\Program Files (x86)\Common Files\Oracle\Java\javapath;C:\Program Files (x86)\Intel\iCLS Client\;C:\Program Files\Intel\iCLS Client\;C:\WINDOWS\system32;C:\WINDOWS;C:\WINDOWS\System32\Wbem;C:\WINDOWS\System32\WindowsPowerShell\v1.0\;C:\ProgramData\chocolatey\bin;C:\WINDOWS\System32\OpenSSH\;C:\Program Files\Intel\WiFi\bin\;C:\Program Files\Common Files\Intel\WirelessCommon\;C:\Program Files (x86)\Intel\Intel(R) Management Engine Components\DAL;C:\Program Files\Intel\Intel(R) Management Engine Components\DAL;C:\Program Files (x86)\Intel\Intel(R) Management Engine Components\IPT;C:\Program Files\Intel\Intel(R) Management Engine Components\IPT;C:\Program Files\dotnet\;C:\Program Files\WireGuard\;C:\Program Files\Calibre2\;C:\Program Files\PuTTY\;C:\Program Files\RedHat\java-1.8.0-openjdk-1.8.0.352-2\bin;C:\Program Files\RedHat\java-1.8.0-openjdk-1.8.0.352-2\jre\bin;C:\Program Files (x86)\Microchip\MPLAB C32 Suite\bin;C:\Program Files\Go\bin;C:\Program Files (x86)\VDesk;C:\Program Files\Docker\Docker\resources\bin;C:\Program Files\Git\cmd;C:\Program Files\Git\mingw64\bin;C:\Program Files\Git\usr\bin;C:\Users\me\scoop\shims;C:\Users\me\.cargo\bin;C:\Users\me\AppData\Local\Microsoft\WindowsApps;C:\tools\cmder;C:\Users\me\AppData\Local\Programs\Microsoft VS Code\bin;C:\Users\me\AppData\Local\Packages\PythonSoftwareFoundation.Python.3.8_qbz5n2kfra8p0\LocalCache\local-packages\Python38\Scripts;C:\Users\me\.pyenv\pyenv-win\bin;C:\Users\me\.pyenv\pyenv-win\shims;C:\Program Files (x86)\Microsoft Visual Studio 14.0\VC\bin;C:\Users\me\.dotnet\tools;C:\Users\me\AppData\Local\gitkraken\bin;C:\Users\me\AppData\Local\Programs\Espanso;C:\Program Files\JetBrains\IntelliJ IDEA Communi"
"10:32:42.6330372 AM","sample_create_window.exe","36048","Thread Create","","SUCCESS","Thread ID: 19780"
"10:32:42.6441446 AM","sample_create_window.exe","36048","Load Image","C:\Users\me\source\hello_runner\target\debug\sample_create_window.exe","SUCCESS","Image Base: 0x7ff6a5500000, Image Size: 0x38000"
"10:32:42.6443115 AM","sample_create_window.exe","36048","Load Image","C:\Windows\System32\ntdll.dll","SUCCESS","Image Base: 0x7ff84bbb0000, Image Size: 0x1f8000"
"10:32:42.6445391 AM","sample_create_window.exe","36048","RegOpenKey","HKLM\System\CurrentControlSet\Control\Session Manager","REPARSE","Desired Access: Query Value"
"10:32:42.6445711 AM","sample_create_window.exe","36048","RegOpenKey","HKLM\System\CurrentControlSet\Control\Session Manager","SUCCESS","Desired Access: Query Value"
"10:32:42.6445929 AM","sample_create_window.exe","36048","RegQueryValue","HKLM\System\CurrentControlSet\Control\Session Manager\RaiseExceptionOnPossibleDeadlock","NAME NOT FOUND","Length: 80"
"10:32:42.6446145 AM","sample_create_window.exe","36048","RegCloseKey","HKLM\System\CurrentControlSet\Control\Session Manager","SUCCESS",""
"10:32:42.6446343 AM","sample_create_window.exe","36048","RegOpenKey","HKLM\SYSTEM\CurrentControlSet\Control\Session Manager\Segment Heap","REPARSE","Desired Access: Query Value"
"10:32:42.6446637 AM","sample_create_window.exe","36048","RegOpenKey","HKLM\System\CurrentControlSet\Control\Session Manager\Segment Heap","NAME NOT FOUND","Desired Access: Query Value"
"10:32:42.6447231 AM","sample_create_window.exe","36048","RegOpenKey","HKLM\SYSTEM\CurrentControlSet\Control\Session Manager","REPARSE","Desired Access: Query Value, Enumerate Sub Keys"
"10:32:42.6447392 AM","sample_create_window.exe","36048","RegOpenKey","HKLM\System\CurrentControlSet\Control\Session Manager","SUCCESS","Desired Access: Query Value, Enumerate Sub Keys"
"10:32:42.6447645 AM","sample_create_window.exe","36048","RegQueryValue","HKLM\System\CurrentControlSet\Control\Session Manager\ResourcePolicies","NAME NOT FOUND","Length: 24"
"10:32:42.6447838 AM","sample_create_window.exe","36048","RegCloseKey","HKLM\System\CurrentControlSet\Control\Session Manager","SUCCESS",""
"10:32:42.6453622 AM","sample_create_window.exe","36048","CreateFile","C:\Users\me\source\hello_runner\create_window","SUCCESS","Desired Access: Execute/Traverse, Synchronize, Disposition: Open, Options: Directory, Synchronous IO Non-Alert, Attributes: n/a, ShareMode: Read, Write, AllocationSize: n/a, OpenResult: Opened"
"10:32:42.6455470 AM","sample_create_window.exe","36048","Load Image","C:\Windows\System32\kernel32.dll","SUCCESS","Image Base: 0x7ff84b390000, Image Size: 0xbf000"
"10:32:42.6458258 AM","sample_create_window.exe","36048","Load Image","C:\Windows\System32\KernelBase.dll","SUCCESS","Image Base: 0x7ff849630000, Image Size: 0x2d2000"
"10:32:42.6471338 AM","sample_create_window.exe","36048","RegOpenKey","HKLM\System\CurrentControlSet\Control\SafeBoot\Option","REPARSE","Desired Access: Query Value, Set Value"
"10:32:42.6471547 AM","sample_create_window.exe","36048","RegOpenKey","HKLM\System\CurrentControlSet\Control\SafeBoot\Option","NAME NOT FOUND","Desired Access: Query Value, Set Value"
"10:32:42.6471758 AM","sample_create_window.exe","36048","RegOpenKey","HKLM\System\CurrentControlSet\Control\Srp\GP\DLL","REPARSE","Desired Access: Read"
"10:32:42.6471900 AM","sample_create_window.exe","36048","RegOpenKey","HKLM\System\CurrentControlSet\Control\Srp\GP\DLL","NAME NOT FOUND","Desired Access: Read"
"10:32:42.6472093 AM","sample_create_window.exe","36048","RegOpenKey","HKLM\Software\Policies\Microsoft\Windows\Safer\CodeIdentifiers","SUCCESS","Desired Access: Query Value"
"10:32:42.6472378 AM","sample_create_window.exe","36048","RegQueryValue","HKLM\SOFTWARE\Policies\Microsoft\Windows\safer\codeidentifiers\TransparentEnabled","NAME NOT FOUND","Length: 80"
"10:32:42.6472574 AM","sample_create_window.exe","36048","RegCloseKey","HKLM\SOFTWARE\Policies\Microsoft\Windows\safer\codeidentifiers","SUCCESS",""
"10:32:42.6472786 AM","sample_create_window.exe","36048","RegOpenKey","HKCU\Software\Policies\Microsoft\Windows\Safer\CodeIdentifiers","NAME NOT FOUND","Desired Access: Query Value"
"10:32:42.6473198 AM","sample_create_window.exe","36048","RegOpenKey","HKLM\System\CurrentControlSet\Control\FileSystem\","REPARSE","Desired Access: Read"
"10:32:42.6473358 AM","sample_create_window.exe","36048","RegOpenKey","HKLM\System\CurrentControlSet\Control\FileSystem","SUCCESS","Desired Access: Read"
"10:32:42.6473531 AM","sample_create_window.exe","36048","RegQueryValue","HKLM\System\CurrentControlSet\Control\FileSystem\LongPathsEnabled","SUCCESS","Type: REG_DWORD, Length: 4, Data: 0"
"10:32:42.6473703 AM","sample_create_window.exe","36048","RegCloseKey","HKLM\System\CurrentControlSet\Control\FileSystem","SUCCESS",""
"10:32:42.6475908 AM","sample_create_window.exe","36048","Load Image","C:\Windows\System32\user32.dll","SUCCESS","Image Base: 0x7ff84a5f0000, Image Size: 0x1a1000"
"10:32:42.6477660 AM","sample_create_window.exe","36048","Load Image","C:\Windows\System32\win32u.dll","SUCCESS","Image Base: 0x7ff849b90000, Image Size: 0x22000"
"10:32:42.6479076 AM","sample_create_window.exe","36048","Load Image","C:\Windows\System32\gdi32.dll","SUCCESS","Image Base: 0x7ff84a320000, Image Size: 0x2b000"
"10:32:42.6480666 AM","sample_create_window.exe","36048","Load Image","C:\Windows\System32\gdi32full.dll","SUCCESS","Image Base: 0x7ff8499c0000, Image Size: 0x10f000"
"10:32:42.6482360 AM","sample_create_window.exe","36048","Load Image","C:\Windows\System32\msvcp_win.dll","SUCCESS","Image Base: 0x7ff849330000, Image Size: 0x9d000"
"10:32:42.6483737 AM","sample_create_window.exe","36048","Load Image","C:\Windows\System32\ucrtbase.dll","SUCCESS","Image Base: 0x7ff8493d0000, Image Size: 0x100000"
"10:32:42.6484352 AM","sample_create_window.exe","36048","RegOpenKey","HKLM\SYSTEM\CurrentControlSet\Control\Session Manager","REPARSE","Desired Access: Query Value, Enumerate Sub Keys"
"10:32:42.6484587 AM","sample_create_window.exe","36048","RegOpenKey","HKLM\System\CurrentControlSet\Control\Session Manager","SUCCESS","Desired Access: Query Value, Enumerate Sub Keys"
"10:32:42.6484788 AM","sample_create_window.exe","36048","RegQueryValue","HKLM\System\CurrentControlSet\Control\Session Manager\ResourcePolicies","NAME NOT FOUND","Length: 24"
"10:32:42.6484951 AM","sample_create_window.exe","36048","RegCloseKey","HKLM\System\CurrentControlSet\Control\Session Manager","SUCCESS",""
"10:32:42.6486695 AM","sample_create_window.exe","36048","Thread Create","","SUCCESS","Thread ID: 36176"
"10:32:42.6487449 AM","sample_create_window.exe","36048","Thread Create","","SUCCESS","Thread ID: 14852"
"10:32:42.6488820 AM","sample_create_window.exe","36048","Thread Create","","SUCCESS","Thread ID: 20308"
"10:32:42.6489306 AM","sample_create_window.exe","36048","Load Image","C:\Windows\System32\oleaut32.dll","SUCCESS","Image Base: 0x7ff84b460000, Image Size: 0xcd000"
"10:32:42.6491578 AM","sample_create_window.exe","36048","Load Image","C:\Windows\System32\combase.dll","SUCCESS","Image Base: 0x7ff84b810000, Image Size: 0x355000"
"10:32:42.6493169 AM","sample_create_window.exe","36048","Load Image","C:\Windows\System32\rpcrt4.dll","SUCCESS","Image Base: 0x7ff849bf0000, Image Size: 0x125000"
"10:32:42.6495205 AM","sample_create_window.exe","36048","RegOpenKey","HKLM\System\CurrentControlSet\Control\Session Manager","REPARSE","Desired Access: Query Value"
"10:32:42.6495476 AM","sample_create_window.exe","36048","RegOpenKey","HKLM\System\CurrentControlSet\Control\Session Manager","SUCCESS","Desired Access: Query Value"
"10:32:42.6495707 AM","sample_create_window.exe","36048","RegQueryValue","HKLM\System\CurrentControlSet\Control\Session Manager\SafeDllSearchMode","NAME NOT FOUND","Length: 16"
"10:32:42.6499502 AM","sample_create_window.exe","36048","CreateFile","C:\Users\me\source\hello_runner\target\debug\VCRUNTIME140.dll","NAME NOT FOUND","Desired Access: Read Attributes, Disposition: Open, Options: Open Reparse Point, Attributes: n/a, ShareMode: Read, Write, Delete, AllocationSize: n/a"
"10:32:42.6507085 AM","sample_create_window.exe","36048","CreateFile","C:\Windows\System32\vcruntime140.dll","SUCCESS","Desired Access: Read Attributes, Disposition: Open, Options: Open Reparse Point, Attributes: n/a, ShareMode: Read, Write, Delete, AllocationSize: n/a, OpenResult: Opened"
"10:32:42.6507463 AM","sample_create_window.exe","36048","QueryBasicInformationFile","C:\Windows\System32\vcruntime140.dll","SUCCESS","CreationTime: 12/13/2022 8:41:24 AM, LastAccessTime: 2/24/2023 10:32:39 AM, LastWriteTime: 12/13/2022 8:41:24 AM, ChangeTime: 2/15/2023 5:20:20 PM, FileAttributes: A"
"10:32:42.6507627 AM","sample_create_window.exe","36048","CloseFile","C:\Windows\System32\vcruntime140.dll","SUCCESS",""
"10:32:42.6512249 AM","sample_create_window.exe","36048","CreateFile","C:\Windows\System32\vcruntime140.dll","SUCCESS","Desired Access: Read Data/List Directory, Execute/Traverse, Synchronize, Disposition: Open, Options: Synchronous IO Non-Alert, Non-Directory File, Attributes: n/a, ShareMode: Read, Delete, AllocationSize: n/a, OpenResult: Opened"
"10:32:42.6512837 AM","sample_create_window.exe","36048","CreateFileMapping","C:\Windows\System32\vcruntime140.dll","FILE LOCKED WITH ONLY READERS","SyncType: SyncTypeCreateSection, PageProtection: PAGE_EXECUTE_READWRITE"
"10:32:42.6513131 AM","sample_create_window.exe","36048","CreateFileMapping","C:\Windows\System32\vcruntime140.dll","SUCCESS","SyncType: SyncTypeOther"
"10:32:42.6513993 AM","sample_create_window.exe","36048","Load Image","C:\Windows\System32\vcruntime140.dll","SUCCESS","Image Base: 0x7ff839fa0000, Image Size: 0x1b000"
"10:32:42.6514894 AM","sample_create_window.exe","36048","CloseFile","C:\Windows\System32\vcruntime140.dll","SUCCESS",""
"10:32:42.6517732 AM","sample_create_window.exe","36048","RegOpenKey","HKLM\System\CurrentControlSet\Control\Nls\Sorting\Versions","REPARSE","Desired Access: Read"
"10:32:42.6517980 AM","sample_create_window.exe","36048","RegOpenKey","HKLM\System\CurrentControlSet\Control\Nls\Sorting\Versions","SUCCESS","Desired Access: Read"
"10:32:42.6518286 AM","sample_create_window.exe","36048","RegQueryValue","HKLM\System\CurrentControlSet\Control\Nls\Sorting\Versions\(Default)","SUCCESS","Type: REG_SZ, Length: 18, Data: 00060305"
"10:32:42.6518516 AM","sample_create_window.exe","36048","RegQueryValue","HKLM\System\CurrentControlSet\Control\Nls\Sorting\Versions\000603xx","SUCCESS","Type: REG_SZ, Length: 26, Data: kernel32.dll"
"10:32:42.6537275 AM","sample_create_window.exe","36048","CreateFile","C:\Windows\System32\imm32.dll","SUCCESS","Desired Access: Read Attributes, Disposition: Open, Options: Open Reparse Point, Attributes: n/a, ShareMode: Read, Write, Delete, AllocationSize: n/a, OpenResult: Opened"
"10:32:42.6538908 AM","sample_create_window.exe","36048","QueryBasicInformationFile","C:\Windows\System32\imm32.dll","SUCCESS","CreationTime: 11/9/2022 7:16:26 AM, LastAccessTime: 2/24/2023 10:32:41 AM, LastWriteTime: 11/9/2022 7:16:26 AM, ChangeTime: 2/15/2023 7:00:06 AM, FileAttributes: A"
"10:32:42.6539179 AM","sample_create_window.exe","36048","CloseFile","C:\Windows\System32\imm32.dll","SUCCESS",""
"10:32:42.6543921 AM","sample_create_window.exe","36048","CreateFile","C:\Windows\System32\imm32.dll","SUCCESS","Desired Access: Read Data/List Directory, Synchronize, Disposition: Open, Options: Synchronous IO Non-Alert, Non-Directory File, Attributes: n/a, ShareMode: Read, Delete, AllocationSize: n/a, OpenResult: Opened"
"10:32:42.6545409 AM","sample_create_window.exe","36048","CreateFileMapping","C:\Windows\System32\imm32.dll","FILE LOCKED WITH ONLY READERS","SyncType: SyncTypeCreateSection, PageProtection: PAGE_EXECUTE_READWRITE"
"10:32:42.6545679 AM","sample_create_window.exe","36048","QueryStandardInformationFile","C:\Windows\System32\imm32.dll","SUCCESS","AllocationSize: 192,512, EndOfFile: 191,176, NumberOfLinks: 2, DeletePending: False, Directory: False"
"10:32:42.6546158 AM","sample_create_window.exe","36048","CreateFileMapping","C:\Windows\System32\imm32.dll","SUCCESS","SyncType: SyncTypeOther"
"10:32:42.6547144 AM","sample_create_window.exe","36048","CloseFile","C:\Windows\System32\imm32.dll","SUCCESS",""
"10:32:42.6550490 AM","sample_create_window.exe","36048","Load Image","C:\Windows\System32\imm32.dll","SUCCESS","Image Base: 0x7ff84a5b0000, Image Size: 0x32000"
"10:32:42.6553054 AM","sample_create_window.exe","36048","RegOpenKey","HKLM\System\CurrentControlSet\Control\Error Message Instrument\","REPARSE","Desired Access: Read"
"10:32:42.6553273 AM","sample_create_window.exe","36048","RegOpenKey","HKLM\System\CurrentControlSet\Control\Error Message Instrument","NAME NOT FOUND","Desired Access: Read"
"10:32:42.6554095 AM","sample_create_window.exe","36048","RegOpenKey","HKLM\Software\Microsoft\Windows NT\CurrentVersion\Image File Execution Options","SUCCESS","Desired Access: Query Value, Enumerate Sub Keys"
"10:32:42.6554352 AM","sample_create_window.exe","36048","RegOpenKey","HKLM\SOFTWARE\Microsoft\Windows NT\CurrentVersion\Image File Execution Options\sample_create_window.exe","NAME NOT FOUND","Desired Access: Query Value, Enumerate Sub Keys"
"10:32:42.6554842 AM","sample_create_window.exe","36048","RegOpenKey","HKLM\Software\Policies\Microsoft\Windows\Display","NAME NOT FOUND","Desired Access: Read"
"10:32:42.6555305 AM","sample_create_window.exe","36048","RegOpenKey","HKLM\Software\Policies\Microsoft\Windows\Display","NAME NOT FOUND","Desired Access: Read"
"10:32:42.6555621 AM","sample_create_window.exe","36048","RegOpenKey","HKLM\SOFTWARE\Microsoft\Windows NT\CurrentVersion\Image File Execution Options\sample_create_window.exe","NAME NOT FOUND","Desired Access: Query Value, Enumerate Sub Keys"
"10:32:42.6555819 AM","sample_create_window.exe","36048","RegOpenKey","HKLM\Software\Policies\Microsoft\Windows\Display","NAME NOT FOUND","Desired Access: Read"
"10:32:42.6556024 AM","sample_create_window.exe","36048","RegOpenKey","HKLM\Software\Policies\Microsoft\Windows\Display","NAME NOT FOUND","Desired Access: Read"
"10:32:42.6556596 AM","sample_create_window.exe","36048","RegOpenKey","HKLM\Software\Microsoft\Windows NT\CurrentVersion\GRE_Initialize","SUCCESS","Desired Access: Read"
"10:32:42.6556863 AM","sample_create_window.exe","36048","RegQueryValue","HKLM\SOFTWARE\Microsoft\Windows NT\CurrentVersion\GRE_Initialize\DisableMetaFiles","NAME NOT FOUND","Length: 20"
"10:32:42.6557374 AM","sample_create_window.exe","36048","RegCloseKey","HKLM\SOFTWARE\Microsoft\Windows NT\CurrentVersion\GRE_Initialize","SUCCESS",""
"10:32:42.6557707 AM","sample_create_window.exe","36048","RegOpenKey","HKLM\Software\Microsoft\Windows NT\CurrentVersion\GRE_Initialize","SUCCESS","Desired Access: Read"
"10:32:42.6557952 AM","sample_create_window.exe","36048","RegQueryValue","HKLM\SOFTWARE\Microsoft\Windows NT\CurrentVersion\GRE_Initialize\DisableUmpdBufferSizeCheck","NAME NOT FOUND","Length: 20"
"10:32:42.6558170 AM","sample_create_window.exe","36048","RegCloseKey","HKLM\SOFTWARE\Microsoft\Windows NT\CurrentVersion\GRE_Initialize","SUCCESS",""
"10:32:42.6558721 AM","sample_create_window.exe","36048","RegOpenKey","HKLM\Software\Microsoft\Windows NT\CurrentVersion\Image File Execution Options\sample_create_window.exe","NAME NOT FOUND","Desired Access: Read"
"10:32:42.6559159 AM","sample_create_window.exe","36048","RegOpenKey","HKLM\Software\Policies\Microsoft\Windows\Control Panel\Desktop","NAME NOT FOUND","Desired Access: Read"
"10:32:42.6559407 AM","sample_create_window.exe","36048","RegOpenKey","HKCU\Software\Policies\Microsoft\Windows\Control Panel\Desktop","NAME NOT FOUND","Desired Access: Read"
"10:32:42.6559722 AM","sample_create_window.exe","36048","RegOpenKey","HKCU\Control Panel\Desktop","SUCCESS","Desired Access: Read"
"10:32:42.6560017 AM","sample_create_window.exe","36048","RegQueryValue","HKCU\Control Panel\Desktop\EnablePerProcessSystemDPI","NAME NOT FOUND","Length: 20"
"10:32:42.6560323 AM","sample_create_window.exe","36048","RegCloseKey","HKCU\Control Panel\Desktop","SUCCESS",""
"10:32:42.6562500 AM","sample_create_window.exe","36048","RegOpenKey","HKLM\Software\Microsoft\Windows NT\CurrentVersion\Compatibility32","SUCCESS","Desired Access: Read"
"10:32:42.6563088 AM","sample_create_window.exe","36048","RegQueryValue","HKLM\SOFTWARE\Microsoft\Windows NT\CurrentVersion\Compatibility32\sample_create_window","NAME NOT FOUND","Length: 172"
"10:32:42.6563644 AM","sample_create_window.exe","36048","RegCloseKey","HKLM\SOFTWARE\Microsoft\Windows NT\CurrentVersion\Compatibility32","SUCCESS",""
"10:32:42.6564021 AM","sample_create_window.exe","36048","RegOpenKey","HKLM\Software\Microsoft\Windows NT\CurrentVersion\IME Compatibility","NAME NOT FOUND","Desired Access: Read"
"10:32:42.6570437 AM","sample_create_window.exe","36048","RegOpenKey","HKLM\SOFTWARE\Microsoft\Windows NT\CurrentVersion\Image File Execution Options\sample_create_window.exe","NAME NOT FOUND","Desired Access: Query Value, Enumerate Sub Keys"
"10:32:42.6574275 AM","sample_create_window.exe","36048","RegOpenKey","HKLM","SUCCESS","Desired Access: Maximum Allowed, Granted Access: Read"
"10:32:42.6574659 AM","sample_create_window.exe","36048","RegQueryKey","HKLM","SUCCESS","Query: HandleTags, HandleTags: 0x0"
"10:32:42.6574876 AM","sample_create_window.exe","36048","RegOpenKey","HKLM\SOFTWARE\Microsoft\OLE","SUCCESS","Desired Access: Read"
"10:32:42.6575138 AM","sample_create_window.exe","36048","RegQueryValue","HKLM\SOFTWARE\Microsoft\Ole\PageAllocatorUseSystemHeap","NAME NOT FOUND","Length: 20"
"10:32:42.6575919 AM","sample_create_window.exe","36048","RegCloseKey","HKLM\SOFTWARE\Microsoft\Ole","SUCCESS",""
"10:32:42.6576093 AM","sample_create_window.exe","36048","RegQueryKey","HKLM","SUCCESS","Query: HandleTags, HandleTags: 0x0"
"10:32:42.6576665 AM","sample_create_window.exe","36048","RegOpenKey","HKLM\SOFTWARE\Microsoft\OLE","SUCCESS","Desired Access: Read"
"10:32:42.6576955 AM","sample_create_window.exe","36048","RegQueryValue","HKLM\SOFTWARE\Microsoft\Ole\PageAllocatorSystemHeapIsPrivate","NAME NOT FOUND","Length: 20"
"10:32:42.6577194 AM","sample_create_window.exe","36048","RegCloseKey","HKLM\SOFTWARE\Microsoft\Ole","SUCCESS",""
"10:32:42.6577461 AM","sample_create_window.exe","36048","RegQueryKey","HKLM","SUCCESS","Query: HandleTags, HandleTags: 0x0"
"10:32:42.6577729 AM","sample_create_window.exe","36048","RegOpenKey","HKLM\SOFTWARE\Microsoft\OLE","SUCCESS","Desired Access: Read"
"10:32:42.6578006 AM","sample_create_window.exe","36048","RegQueryValue","HKLM\SOFTWARE\Microsoft\Ole\AggressiveMTATesting","NAME NOT FOUND","Length: 16"
"10:32:42.6578242 AM","sample_create_window.exe","36048","RegCloseKey","HKLM\SOFTWARE\Microsoft\Ole","SUCCESS",""
"10:32:42.6580881 AM","sample_create_window.exe","36048","RegQueryKey","HKLM","SUCCESS","Query: HandleTags, HandleTags: 0x0"
"10:32:42.6581354 AM","sample_create_window.exe","36048","RegOpenKey","HKLM","SUCCESS","Desired Access: Read"
"10:32:42.6581602 AM","sample_create_window.exe","36048","RegSetInfoKey","HKLM","SUCCESS","KeySetInformationClass: KeySetHandleTagsInformation, Length: 0"
"10:32:42.6581875 AM","sample_create_window.exe","36048","RegQueryKey","HKLM","SUCCESS","Query: HandleTags, HandleTags: 0x100"
"10:32:42.6582101 AM","sample_create_window.exe","36048","RegOpenKey","HKLM\Software\Microsoft\Ole\FeatureDevelopmentProperties","NAME NOT FOUND","Desired Access: Read"
"10:32:42.6582507 AM","sample_create_window.exe","36048","RegOpenKey","HKLM\SOFTWARE\Microsoft\AppModel\Lookaside\Packages","NAME NOT FOUND","Desired Access: Read"
"10:32:42.6583005 AM","sample_create_window.exe","36048","RegQueryKey","HKLM","SUCCESS","Query: HandleTags, HandleTags: 0x100"
"10:32:42.6583189 AM","sample_create_window.exe","36048","RegOpenKey","HKLM\Software\Microsoft\Ole\FeatureDevelopmentProperties","NAME NOT FOUND","Desired Access: Read"
"10:32:42.6583409 AM","sample_create_window.exe","36048","RegQueryKey","HKLM","SUCCESS","Query: HandleTags, HandleTags: 0x100"
"10:32:42.6583569 AM","sample_create_window.exe","36048","RegOpenKey","HKLM\Software\Microsoft\Ole","SUCCESS","Desired Access: Read"
"10:32:42.6585100 AM","sample_create_window.exe","36048","RegOpenKey","HKCU","SUCCESS","Desired Access: Read"
"10:32:42.6585437 AM","sample_create_window.exe","36048","RegQueryKey","HKCU","SUCCESS","Query: HandleTags, HandleTags: 0x0"
"10:32:42.6585614 AM","sample_create_window.exe","36048","RegOpenKey","HKCU\Software\Classes\Local Settings","REPARSE","Desired Access: Read"
"10:32:42.6585901 AM","sample_create_window.exe","36048","RegOpenKey","HKCU\Software\Classes\Local Settings","SUCCESS","Desired Access: Read"
"10:32:42.6586171 AM","sample_create_window.exe","36048","RegSetInfoKey","HKCU\Software\Classes\Local Settings","SUCCESS","KeySetInformationClass: KeySetHandleTagsInformation, Length: 0"
"10:32:42.6586375 AM","sample_create_window.exe","36048","RegCloseKey","HKCU","SUCCESS",""
"10:32:42.6586698 AM","sample_create_window.exe","36048","RegQueryKey","HKCU\Software\Classes\Local Settings","SUCCESS","Query: HandleTags, HandleTags: 0x100"
"10:32:42.6586849 AM","sample_create_window.exe","36048","RegOpenKey","HKCU\Software\Classes\Local Settings\Software\Microsoft\Ole\FeatureDevelopmentProperties","NAME NOT FOUND","Desired Access: Read"
"10:32:42.6587038 AM","sample_create_window.exe","36048","RegQueryKey","HKCU\Software\Classes\Local Settings","SUCCESS","Query: HandleTags, HandleTags: 0x100"
"10:32:42.6587154 AM","sample_create_window.exe","36048","RegOpenKey","HKCU\Software\Classes\Local Settings\Software\Microsoft\Ole\FeatureDevelopmentProperties","NAME NOT FOUND","Desired Access: Read"
"10:32:42.6587290 AM","sample_create_window.exe","36048","RegQueryKey","HKCU\Software\Classes\Local Settings","SUCCESS","Query: HandleTags, HandleTags: 0x100"
"10:32:42.6587406 AM","sample_create_window.exe","36048","RegOpenKey","HKCU\Software\Classes\Local Settings\Software\Microsoft\Ole","NAME NOT FOUND","Desired Access: Read"
"10:32:42.6587672 AM","sample_create_window.exe","36048","RegQueryKey","HKCU\Software\Classes\Local Settings","SUCCESS","Query: HandleTags, HandleTags: 0x100"
"10:32:42.6587927 AM","sample_create_window.exe","36048","RegOpenKey","HKCU\Software\Classes\Local Settings\Software\Microsoft","SUCCESS","Desired Access: Read"
"10:32:42.6589577 AM","sample_create_window.exe","36048","RegQueryKey","HKLM","SUCCESS","Query: HandleTags, HandleTags: 0x0"
"10:32:42.6589737 AM","sample_create_window.exe","36048","RegOpenKey","HKLM\Software\Microsoft\OLE\Tracing","NAME NOT FOUND","Desired Access: Read"
"10:32:42.6598522 AM","sample_create_window.exe","36048","CreateFile","C:\Windows\System32\ole32.dll","SUCCESS","Desired Access: Read Attributes, Disposition: Open, Options: Open Reparse Point, Attributes: n/a, ShareMode: Read, Write, Delete, AllocationSize: n/a, OpenResult: Opened"
"10:32:42.6599193 AM","sample_create_window.exe","36048","QueryBasicInformationFile","C:\Windows\System32\ole32.dll","SUCCESS","CreationTime: 2/25/2022 9:24:10 PM, LastAccessTime: 2/24/2023 10:31:53 AM, LastWriteTime: 2/25/2022 9:24:10 PM, ChangeTime: 2/15/2023 7:00:06 AM, FileAttributes: A"
"10:32:42.6599340 AM","sample_create_window.exe","36048","CloseFile","C:\Windows\System32\ole32.dll","SUCCESS",""
"10:32:42.6601564 AM","sample_create_window.exe","36048","CreateFile","C:\Windows\System32\ole32.dll","SUCCESS","Desired Access: Read Data/List Directory, Synchronize, Disposition: Open, Options: Synchronous IO Non-Alert, Non-Directory File, Attributes: n/a, ShareMode: Read, Delete, AllocationSize: n/a, OpenResult: Opened"
"10:32:42.6602421 AM","sample_create_window.exe","36048","CreateFileMapping","C:\Windows\System32\ole32.dll","FILE LOCKED WITH ONLY READERS","SyncType: SyncTypeCreateSection, PageProtection: PAGE_EXECUTE_READWRITE"
"10:32:42.6602637 AM","sample_create_window.exe","36048","QueryStandardInformationFile","C:\Windows\System32\ole32.dll","SUCCESS","AllocationSize: 1,216,512, EndOfFile: 1,214,264, NumberOfLinks: 2, DeletePending: False, Directory: False"
"10:32:42.6602968 AM","sample_create_window.exe","36048","CreateFileMapping","C:\Windows\System32\ole32.dll","SUCCESS","SyncType: SyncTypeOther"
"10:32:42.6603831 AM","sample_create_window.exe","36048","CloseFile","C:\Windows\System32\ole32.dll","SUCCESS",""
"10:32:42.6604626 AM","sample_create_window.exe","36048","RegQueryKey","HKLM","SUCCESS","Query: HandleTags, HandleTags: 0x0"
"10:32:42.6604767 AM","sample_create_window.exe","36048","RegOpenKey","HKLM\SOFTWARE\Microsoft\OLEAUT","NAME NOT FOUND","Desired Access: Query Value"
"10:32:42.6605956 AM","sample_create_window.exe","36048","QueryNameInformationFile","C:\Users\me\source\hello_runner\target\debug\sample_create_window.exe","SUCCESS","Name: \Users\me\source\hello_runner\target\debug\sample_create_window.exe"
"10:32:42.6616485 AM","sample_create_window.exe","36048","CreateFile","C:\Windows\System32\uxtheme.dll","SUCCESS","Desired Access: Read Attributes, Disposition: Open, Options: Open Reparse Point, Attributes: n/a, ShareMode: Read, Write, Delete, AllocationSize: n/a, OpenResult: Opened"
"10:32:42.6617356 AM","sample_create_window.exe","36048","QueryBasicInformationFile","C:\Windows\System32\uxtheme.dll","SUCCESS","CreationTime: 11/9/2022 7:16:29 AM, LastAccessTime: 2/24/2023 10:32:40 AM, LastWriteTime: 11/9/2022 7:16:29 AM, ChangeTime: 2/15/2023 7:00:06 AM, FileAttributes: A"
"10:32:42.6617564 AM","sample_create_window.exe","36048","CloseFile","C:\Windows\System32\uxtheme.dll","SUCCESS",""
"10:32:42.6621439 AM","sample_create_window.exe","36048","CreateFile","C:\Windows\System32\uxtheme.dll","SUCCESS","Desired Access: Read Data/List Directory, Execute/Traverse, Synchronize, Disposition: Open, Options: Synchronous IO Non-Alert, Non-Directory File, Attributes: n/a, ShareMode: Read, Delete, AllocationSize: n/a, OpenResult: Opened"
"10:32:42.6622092 AM","sample_create_window.exe","36048","CreateFileMapping","C:\Windows\System32\uxtheme.dll","FILE LOCKED WITH ONLY READERS","SyncType: SyncTypeCreateSection, PageProtection: PAGE_EXECUTE_WRITECOPY"
"10:32:42.6622469 AM","sample_create_window.exe","36048","CreateFileMapping","C:\Windows\System32\uxtheme.dll","SUCCESS","SyncType: SyncTypeOther"
"10:32:42.6623564 AM","sample_create_window.exe","36048","Load Image","C:\Windows\System32\uxtheme.dll","SUCCESS","Image Base: 0x7ff846770000, Image Size: 0x9e000"
"10:32:42.6625281 AM","sample_create_window.exe","36048","Load Image","C:\Windows\System32\msvcrt.dll","SUCCESS","Image Base: 0x7ff84a820000, Image Size: 0x9e000"
"10:32:42.6627373 AM","sample_create_window.exe","36048","CloseFile","C:\Windows\System32\uxtheme.dll","SUCCESS",""
"10:32:42.6629644 AM","sample_create_window.exe","36048","RegOpenKey","HKLM\SYSTEM\CurrentControlSet\Control\Session Manager","REPARSE","Desired Access: Query Value, Enumerate Sub Keys"
"10:32:42.6629922 AM","sample_create_window.exe","36048","RegOpenKey","HKLM\System\CurrentControlSet\Control\Session Manager","SUCCESS","Desired Access: Query Value, Enumerate Sub Keys"
"10:32:42.6630203 AM","sample_create_window.exe","36048","RegQueryValue","HKLM\System\CurrentControlSet\Control\Session Manager\ResourcePolicies","NAME NOT FOUND","Length: 24"
"10:32:42.6630504 AM","sample_create_window.exe","36048","RegCloseKey","HKLM\System\CurrentControlSet\Control\Session Manager","SUCCESS",""
"10:32:42.6634456 AM","sample_create_window.exe","36048","RegOpenKey","HKCU","SUCCESS","Desired Access: Read"
"10:32:42.6634758 AM","sample_create_window.exe","36048","RegQueryKey","HKCU","SUCCESS","Query: HandleTags, HandleTags: 0x0"
"10:32:42.6634925 AM","sample_create_window.exe","36048","RegOpenKey","HKCU\SOFTWARE\Microsoft\Windows\CurrentVersion\Themes\Personalize","SUCCESS","Desired Access: Query Value"
"10:32:42.6635356 AM","sample_create_window.exe","36048","RegQueryValue","HKCU\SOFTWARE\Microsoft\Windows\CurrentVersion\Themes\Personalize\AppsUseLightTheme","SUCCESS","Type: REG_DWORD, Length: 4, Data: 0"
"10:32:42.6635576 AM","sample_create_window.exe","36048","RegCloseKey","HKCU\SOFTWARE\Microsoft\Windows\CurrentVersion\Themes\Personalize","SUCCESS",""
"10:32:42.6635724 AM","sample_create_window.exe","36048","RegCloseKey","HKCU","SUCCESS",""
"10:32:42.6650432 AM","sample_create_window.exe","36048","CreateFile","C:\Program Files\Window Detective\x64\WD_Hook_x64_Release.dll","SUCCESS","Desired Access: Read Attributes, Disposition: Open, Options: Open Reparse Point, Attributes: n/a, ShareMode: Read, Write, Delete, AllocationSize: n/a, OpenResult: Opened"
"10:32:42.6650816 AM","sample_create_window.exe","36048","QueryBasicInformationFile","C:\Program Files\Window Detective\x64\WD_Hook_x64_Release.dll","SUCCESS","CreationTime: 6/1/2022 9:40:03 AM, LastAccessTime: 2/24/2023 10:32:39 AM, LastWriteTime: 11/15/2020 10:14:12 PM, ChangeTime: 6/1/2022 9:40:03 AM, FileAttributes: A"
"10:32:42.6650989 AM","sample_create_window.exe","36048","CloseFile","C:\Program Files\Window Detective\x64\WD_Hook_x64_Release.dll","SUCCESS",""
"10:32:42.6652872 AM","sample_create_window.exe","36048","CreateFile","C:\Program Files\Window Detective\x64\WD_Hook_x64_Release.dll","SUCCESS","Desired Access: Read Data/List Directory, Execute/Traverse, Synchronize, Disposition: Open, Options: Synchronous IO Non-Alert, Non-Directory File, Attributes: n/a, ShareMode: Read, Delete, AllocationSize: n/a, OpenResult: Opened"
"10:32:42.6653417 AM","sample_create_window.exe","36048","CreateFileMapping","C:\Program Files\Window Detective\x64\WD_Hook_x64_Release.dll","FILE LOCKED WITH ONLY READERS","SyncType: SyncTypeCreateSection, PageProtection: PAGE_EXECUTE_WRITECOPY"
"10:32:42.6653763 AM","sample_create_window.exe","36048","CreateFileMapping","C:\Program Files\Window Detective\x64\WD_Hook_x64_Release.dll","SUCCESS","SyncType: SyncTypeOther"
"10:32:42.6654759 AM","sample_create_window.exe","36048","Load Image","C:\Program Files\Window Detective\x64\WD_Hook_x64_Release.dll","SUCCESS","Image Base: 0x7ff83be20000, Image Size: 0x12000"
"10:32:42.6655802 AM","sample_create_window.exe","36048","RegOpenKey","HKCU","SUCCESS","Desired Access: Maximum Allowed, Granted Access: All Access"
"10:32:42.6656110 AM","sample_create_window.exe","36048","RegOpenKey","HKCU\Control Panel\Desktop\MuiCached\MachineLanguageConfiguration","NAME NOT FOUND","Desired Access: Read"
"10:32:42.6656410 AM","sample_create_window.exe","36048","RegCloseKey","HKCU","SUCCESS",""
"10:32:42.6656656 AM","sample_create_window.exe","36048","RegOpenKey","HKLM\Software\Policies\Microsoft\MUI\Settings","NAME NOT FOUND","Desired Access: Read"
"10:32:42.6657015 AM","sample_create_window.exe","36048","RegOpenKey","HKCU","SUCCESS","Desired Access: Maximum Allowed, Granted Access: All Access"
"10:32:42.6657288 AM","sample_create_window.exe","36048","RegOpenKey","HKCU\Software\Policies\Microsoft\Control Panel\Desktop","NAME NOT FOUND","Desired Access: Read"
"10:32:42.6657591 AM","sample_create_window.exe","36048","RegOpenKey","HKCU\Control Panel\Desktop\LanguageConfiguration","SUCCESS","Desired Access: Read"
"10:32:42.6657935 AM","sample_create_window.exe","36048","RegEnumValue","HKCU\Control Panel\Desktop\LanguageConfiguration","NO MORE ENTRIES","Index: 0, Length: 512"
"10:32:42.6658196 AM","sample_create_window.exe","36048","RegCloseKey","HKCU\Control Panel\Desktop\LanguageConfiguration","SUCCESS",""
"10:32:42.6658624 AM","sample_create_window.exe","36048","RegCloseKey","HKCU","SUCCESS",""
"10:32:42.6658939 AM","sample_create_window.exe","36048","RegOpenKey","HKLM\Software\Policies\Microsoft\MUI\Settings","NAME NOT FOUND","Desired Access: Read"
"10:32:42.6659310 AM","sample_create_window.exe","36048","RegOpenKey","HKCU","SUCCESS","Desired Access: Maximum Allowed, Granted Access: All Access"
"10:32:42.6659653 AM","sample_create_window.exe","36048","RegOpenKey","HKCU\Software\Policies\Microsoft\Control Panel\Desktop","NAME NOT FOUND","Desired Access: Read"
"10:32:42.6659975 AM","sample_create_window.exe","36048","RegOpenKey","HKCU\Control Panel\Desktop","SUCCESS","Desired Access: Read"
"10:32:42.6660268 AM","sample_create_window.exe","36048","RegQueryValue","HKCU\Control Panel\Desktop\PreferredUILanguages","NAME NOT FOUND","Length: 12"
"10:32:42.6660611 AM","sample_create_window.exe","36048","RegCloseKey","HKCU\Control Panel\Desktop","SUCCESS",""
"10:32:42.6660890 AM","sample_create_window.exe","36048","RegCloseKey","HKCU","SUCCESS",""
"10:32:42.6661230 AM","sample_create_window.exe","36048","RegOpenKey","HKLM\Software\Policies\Microsoft\MUI\Settings","NAME NOT FOUND","Desired Access: Read"
"10:32:42.6661596 AM","sample_create_window.exe","36048","RegOpenKey","HKCU","SUCCESS","Desired Access: Maximum Allowed, Granted Access: All Access"
"10:32:42.6661930 AM","sample_create_window.exe","36048","RegOpenKey","HKCU\Control Panel\Desktop\MuiCached","SUCCESS","Desired Access: Read"
"10:32:42.6662170 AM","sample_create_window.exe","36048","RegQueryValue","HKCU\Control Panel\Desktop\MuiCached\MachinePreferredUILanguages","BUFFER OVERFLOW","Length: 12"
"10:32:42.6662609 AM","sample_create_window.exe","36048","RegQueryValue","HKCU\Control Panel\Desktop\MuiCached\MachinePreferredUILanguages","SUCCESS","Type: REG_MULTI_SZ, Length: 12, Data: en-US"
"10:32:42.6662896 AM","sample_create_window.exe","36048","RegCloseKey","HKCU\Control Panel\Desktop\MuiCached","SUCCESS",""
"10:32:42.6663118 AM","sample_create_window.exe","36048","RegCloseKey","HKCU","SUCCESS",""
"10:32:42.6663635 AM","sample_create_window.exe","36048","RegOpenKey","HKLM\Software\Microsoft\Windows\CurrentVersion\SideBySide","SUCCESS","Desired Access: Read"
"10:32:42.6663967 AM","sample_create_window.exe","36048","RegQueryValue","HKLM\SOFTWARE\Microsoft\Windows\CurrentVersion\SideBySide\PreferExternalManifest","NAME NOT FOUND","Length: 20"
"10:32:42.6664197 AM","sample_create_window.exe","36048","RegCloseKey","HKLM\SOFTWARE\Microsoft\Windows\CurrentVersion\SideBySide","SUCCESS",""
"10:32:42.6665882 AM","sample_create_window.exe","36048","CreateFile","C:\Program Files\Window Detective\x64\WD_Hook_x64_Release.dll","SUCCESS","Desired Access: Generic Read, Disposition: Open, Options: Synchronous IO Non-Alert, Non-Directory File, Attributes: n/a, ShareMode: Read, Delete, AllocationSize: n/a, OpenResult: Opened"
"10:32:42.6669419 AM","sample_create_window.exe","36048","CloseFile","C:\Program Files\Window Detective\x64\WD_Hook_x64_Release.dll","SUCCESS",""
"10:32:42.6670419 AM","sample_create_window.exe","36048","CloseFile","C:\Program Files\Window Detective\x64\WD_Hook_x64_Release.dll","SUCCESS",""
"10:32:42.6681766 AM","sample_create_window.exe","36048","Load Image","C:\Windows\System32\msctf.dll","SUCCESS","Image Base: 0x7ff84b680000, Image Size: 0x115000"
"10:32:42.6683900 AM","sample_create_window.exe","36048","Load Image","C:\Windows\System32\sechost.dll","SUCCESS","Image Base: 0x7ff84b530000, Image Size: 0x9c000"
"10:32:42.6882223 AM","sample_create_window.exe","36048","RegOpenKey","HKLM\System\CurrentControlSet\Control\Nls\CustomLocale","REPARSE","Desired Access: Read"
"10:32:42.6882662 AM","sample_create_window.exe","36048","RegOpenKey","HKLM\System\CurrentControlSet\Control\Nls\CustomLocale","SUCCESS","Desired Access: Read"
"10:32:42.6883009 AM","sample_create_window.exe","36048","RegQueryValue","HKLM\System\CurrentControlSet\Control\Nls\CustomLocale\en-US","NAME NOT FOUND","Length: 532"
"10:32:42.6883313 AM","sample_create_window.exe","36048","RegCloseKey","HKLM\System\CurrentControlSet\Control\Nls\CustomLocale","SUCCESS",""
"10:32:42.6883588 AM","sample_create_window.exe","36048","RegOpenKey","HKLM\System\CurrentControlSet\Control\Nls\ExtendedLocale","REPARSE","Desired Access: Read"
"10:32:42.6883788 AM","sample_create_window.exe","36048","RegOpenKey","HKLM\System\CurrentControlSet\Control\Nls\ExtendedLocale","SUCCESS","Desired Access: Read"
"10:32:42.6884005 AM","sample_create_window.exe","36048","RegQueryValue","HKLM\System\CurrentControlSet\Control\Nls\ExtendedLocale\en-US","NAME NOT FOUND","Length: 532"
"10:32:42.6884233 AM","sample_create_window.exe","36048","RegCloseKey","HKLM\System\CurrentControlSet\Control\Nls\ExtendedLocale","SUCCESS",""
"10:32:42.7005405 AM","sample_create_window.exe","36048","RegOpenKey","HKLM\SYSTEM\CurrentControlSet\Control\Session Manager","REPARSE","Desired Access: Query Value, Enumerate Sub Keys"
"10:32:42.7005737 AM","sample_create_window.exe","36048","RegOpenKey","HKLM\System\CurrentControlSet\Control\Session Manager","SUCCESS","Desired Access: Query Value, Enumerate Sub Keys"
"10:32:42.7006076 AM","sample_create_window.exe","36048","RegQueryValue","HKLM\System\CurrentControlSet\Control\Session Manager\ResourcePolicies","NAME NOT FOUND","Length: 24"
"10:32:42.7006441 AM","sample_create_window.exe","36048","RegCloseKey","HKLM\System\CurrentControlSet\Control\Session Manager","SUCCESS",""
"10:32:42.7023774 AM","sample_create_window.exe","36048","RegQueryKey","HKLM","SUCCESS","Query: HandleTags, HandleTags: 0x0"
"10:32:42.7024145 AM","sample_create_window.exe","36048","RegOpenKey","HKLM\SOFTWARE\Microsoft\CTF\Compatibility\sample_create_window.exe","NAME NOT FOUND","Desired Access: Read"
"10:32:42.7035107 AM","sample_create_window.exe","36048","CreateFile","C:\Windows\System32\rpcss.dll","SUCCESS","Desired Access: Read Attributes, Disposition: Open, Options: Open Reparse Point, Attributes: n/a, ShareMode: Read, Write, Delete, AllocationSize: n/a, OpenResult: Opened"
"10:32:42.7036170 AM","sample_create_window.exe","36048","QueryBasicInformationFile","C:\Windows\System32\rpcss.dll","SUCCESS","CreationTime: 2/15/2023 6:59:21 AM, LastAccessTime: 2/24/2023 10:32:40 AM, LastWriteTime: 2/15/2023 6:59:21 AM, ChangeTime: 2/15/2023 7:43:57 PM, FileAttributes: A"
"10:32:42.7036502 AM","sample_create_window.exe","36048","CloseFile","C:\Windows\System32\rpcss.dll","SUCCESS",""
"10:32:42.7040026 AM","sample_create_window.exe","36048","CreateFile","C:\Windows\System32\rpcss.dll","SUCCESS","Desired Access: Read Data/List Directory, Synchronize, Disposition: Open, Options: Synchronous IO Non-Alert, Non-Directory File, Attributes: n/a, ShareMode: Read, Delete, AllocationSize: n/a, OpenResult: Opened"
"10:32:42.7041755 AM","sample_create_window.exe","36048","CreateFileMapping","C:\Windows\System32\rpcss.dll","FILE LOCKED WITH ONLY READERS","SyncType: SyncTypeCreateSection, PageProtection: PAGE_EXECUTE_WRITECOPY"
"10:32:42.7042144 AM","sample_create_window.exe","36048","QueryStandardInformationFile","C:\Windows\System32\rpcss.dll","SUCCESS","AllocationSize: 1,327,104, EndOfFile: 1,325,568, NumberOfLinks: 2, DeletePending: False, Directory: False"
"10:32:42.7042828 AM","sample_create_window.exe","36048","CreateFileMapping","C:\Windows\System32\rpcss.dll","SUCCESS","SyncType: SyncTypeOther"
"10:32:42.7044082 AM","sample_create_window.exe","36048","CloseFile","C:\Windows\System32\rpcss.dll","SUCCESS",""
"10:32:42.7052020 AM","sample_create_window.exe","36048","CreateFile","C:\Windows\System32\kernel.appcore.dll","SUCCESS","Desired Access: Read Attributes, Disposition: Open, Options: Open Reparse Point, Attributes: n/a, ShareMode: Read, Write, Delete, AllocationSize: n/a, OpenResult: Opened"
"10:32:42.7052795 AM","sample_create_window.exe","36048","QueryBasicInformationFile","C:\Windows\System32\kernel.appcore.dll","SUCCESS","CreationTime: 2/25/2022 9:24:03 PM, LastAccessTime: 2/24/2023 10:32:27 AM, LastWriteTime: 2/25/2022 9:24:03 PM, ChangeTime: 2/15/2023 7:00:06 AM, FileAttributes: A"
"10:32:42.7053154 AM","sample_create_window.exe","36048","CloseFile","C:\Windows\System32\kernel.appcore.dll","SUCCESS",""
"10:32:42.7056216 AM","sample_create_window.exe","36048","CreateFile","C:\Windows\System32\kernel.appcore.dll","SUCCESS","Desired Access: Read Data/List Directory, Execute/Traverse, Synchronize, Disposition: Open, Options: Synchronous IO Non-Alert, Non-Directory File, Attributes: n/a, ShareMode: Read, Delete, AllocationSize: n/a, OpenResult: Opened"
"10:32:42.7057014 AM","sample_create_window.exe","36048","CreateFileMapping","C:\Windows\System32\kernel.appcore.dll","FILE LOCKED WITH ONLY READERS","SyncType: SyncTypeCreateSection, PageProtection: PAGE_EXECUTE_WRITECOPY"
"10:32:42.7057856 AM","sample_create_window.exe","36048","CreateFileMapping","C:\Windows\System32\kernel.appcore.dll","SUCCESS","SyncType: SyncTypeOther"
"10:32:42.7059909 AM","sample_create_window.exe","36048","Load Image","C:\Windows\System32\kernel.appcore.dll","SUCCESS","Image Base: 0x7ff847ad0000, Image Size: 0x12000"
"10:32:42.7061838 AM","sample_create_window.exe","36048","CloseFile","C:\Windows\System32\kernel.appcore.dll","SUCCESS",""
"10:32:42.7066660 AM","sample_create_window.exe","36048","Load Image","C:\Windows\System32\bcryptprimitives.dll","SUCCESS","Image Base: 0x7ff8492a0000, Image Size: 0x82000"
"10:32:42.7069663 AM","sample_create_window.exe","36048","RegOpenKey","HKLM\System\CurrentControlSet\Control\Lsa\FipsAlgorithmPolicy","REPARSE","Desired Access: Query Value"
"10:32:42.7070131 AM","sample_create_window.exe","36048","RegOpenKey","HKLM\System\CurrentControlSet\Control\Lsa\FipsAlgorithmPolicy","SUCCESS","Desired Access: Query Value"
"10:32:42.7070906 AM","sample_create_window.exe","36048","RegQueryValue","HKLM\System\CurrentControlSet\Control\Lsa\FipsAlgorithmPolicy\STE","NAME NOT FOUND","Length: 20"
"10:32:42.7071331 AM","sample_create_window.exe","36048","RegCloseKey","HKLM\System\CurrentControlSet\Control\Lsa\FipsAlgorithmPolicy","SUCCESS",""
"10:32:42.7071763 AM","sample_create_window.exe","36048","RegOpenKey","HKLM\System\CurrentControlSet\Control\Lsa\FipsAlgorithmPolicy","REPARSE","Desired Access: Query Value"
"10:32:42.7072274 AM","sample_create_window.exe","36048","RegOpenKey","HKLM\System\CurrentControlSet\Control\Lsa\FipsAlgorithmPolicy","SUCCESS","Desired Access: Query Value"
"10:32:42.7072710 AM","sample_create_window.exe","36048","RegQueryValue","HKLM\System\CurrentControlSet\Control\Lsa\FipsAlgorithmPolicy\Enabled","SUCCESS","Type: REG_DWORD, Length: 4, Data: 0"
"10:32:42.7073181 AM","sample_create_window.exe","36048","RegOpenKey","HKLM\System\CurrentControlSet\Control\Lsa","REPARSE","Desired Access: Query Value"
"10:32:42.7073649 AM","sample_create_window.exe","36048","RegOpenKey","HKLM\System\CurrentControlSet\Control\Lsa","SUCCESS","Desired Access: Query Value"
"10:32:42.7074212 AM","sample_create_window.exe","36048","RegQueryValue","HKLM\System\CurrentControlSet\Control\Lsa\FipsAlgorithmPolicy","NAME NOT FOUND","Length: 20"
"10:32:42.7074732 AM","sample_create_window.exe","36048","RegQueryValue","HKLM\System\CurrentControlSet\Control\Lsa\FipsAlgorithmPolicy\MDMEnabled","SUCCESS","Type: REG_DWORD, Length: 4, Data: 0"
"10:32:42.7075128 AM","sample_create_window.exe","36048","RegCloseKey","HKLM\System\CurrentControlSet\Control\Lsa\FipsAlgorithmPolicy","SUCCESS",""
"10:32:42.7075474 AM","sample_create_window.exe","36048","RegCloseKey","HKLM\System\CurrentControlSet\Control\Lsa","SUCCESS",""
"10:32:42.7075944 AM","sample_create_window.exe","36048","RegOpenKey","HKLM\SYSTEM\CurrentControlSet\Policies\Microsoft\Cryptography\Configuration","REPARSE","Desired Access: Query Value"
"10:32:42.7076309 AM","sample_create_window.exe","36048","RegOpenKey","HKLM\System\CurrentControlSet\Policies\Microsoft\Cryptography\Configuration","NAME NOT FOUND","Desired Access: Query Value"
"10:32:42.7326352 AM","sample_create_window.exe","36048","RegQueryKey","HKLM","SUCCESS","Query: HandleTags, HandleTags: 0x0"
"10:32:42.7327103 AM","sample_create_window.exe","36048","RegOpenKey","HKLM\SOFTWARE\Microsoft\CTF\Compatibility\sample_create_window.exe","NAME NOT FOUND","Desired Access: Read"
"10:32:42.7510401 AM","sample_create_window.exe","36048","RegQueryKey","HKLM","SUCCESS","Query: HandleTags, HandleTags: 0x0"
"10:32:42.7510642 AM","sample_create_window.exe","36048","RegOpenKey","HKLM\SOFTWARE\Microsoft\Windows\CurrentVersion\OOBE","SUCCESS","Desired Access: Query Value"
"10:32:42.7511175 AM","sample_create_window.exe","36048","RegQueryValue","HKLM\SOFTWARE\Microsoft\Windows\CurrentVersion\OOBE\LaunchUserOOBE","NAME NOT FOUND","Length: 16"
"10:32:42.7511428 AM","sample_create_window.exe","36048","RegCloseKey","HKLM\SOFTWARE\Microsoft\Windows\CurrentVersion\OOBE","SUCCESS",""
"10:32:42.7512512 AM","sample_create_window.exe","36048","RegQueryKey","HKLM","SUCCESS","Query: HandleTags, HandleTags: 0x0"
"10:32:42.7512754 AM","sample_create_window.exe","36048","RegOpenKey","HKLM\Software\Microsoft\Rpc","SUCCESS","Desired Access: Read"
"10:32:42.7513311 AM","sample_create_window.exe","36048","RegQueryValue","HKLM\SOFTWARE\Microsoft\Rpc\MaxRpcSize","NAME NOT FOUND","Length: 16"
"10:32:42.7513907 AM","sample_create_window.exe","36048","RegCloseKey","HKLM\SOFTWARE\Microsoft\Rpc","SUCCESS",""
"10:32:42.7514867 AM","sample_create_window.exe","36048","RegOpenKey","HKLM\System\CurrentControlSet\Services\CCG","REPARSE","Desired Access: Read"
"10:32:42.7515440 AM","sample_create_window.exe","36048","RegOpenKey","HKLM\System\CurrentControlSet\Services\CCG","NAME NOT FOUND","Desired Access: Read"
"10:32:42.7515857 AM","sample_create_window.exe","36048","RegOpenKey","HKLM\System\CurrentControlSet\Services\CCG","REPARSE","Desired Access: Read"
"10:32:42.7516191 AM","sample_create_window.exe","36048","RegOpenKey","HKLM\System\CurrentControlSet\Services\CCG","NAME NOT FOUND","Desired Access: Read"
"10:32:42.7516560 AM","sample_create_window.exe","36048","RegOpenKey","HKLM\System\CurrentControlSet\Control\ComputerName\ActiveComputerName","REPARSE","Desired Access: Read"
"10:32:42.7516894 AM","sample_create_window.exe","36048","RegOpenKey","HKLM\System\CurrentControlSet\Control\ComputerName\ActiveComputerName","SUCCESS","Desired Access: Read"
"10:32:42.7517341 AM","sample_create_window.exe","36048","RegQueryValue","HKLM\System\CurrentControlSet\Control\ComputerName\ActiveComputerName\ComputerName","SUCCESS","Type: REG_SZ, Length: 10, Data: ENVY"
"10:32:42.7517687 AM","sample_create_window.exe","36048","RegCloseKey","HKLM\System\CurrentControlSet\Control\ComputerName\ActiveComputerName","SUCCESS",""
"10:32:42.7518011 AM","sample_create_window.exe","36048","RegOpenKey","HKLM\System\Setup","SUCCESS","Desired Access: Read"
"10:32:42.7518397 AM","sample_create_window.exe","36048","RegQueryValue","HKLM\SYSTEM\Setup\OOBEInProgress","SUCCESS","Type: REG_DWORD, Length: 4, Data: 0"
"10:32:42.7518734 AM","sample_create_window.exe","36048","RegCloseKey","HKLM\SYSTEM\Setup","SUCCESS",""
"10:32:42.7519045 AM","sample_create_window.exe","36048","RegOpenKey","HKLM\System\Setup","SUCCESS","Desired Access: Read"
"10:32:42.7519340 AM","sample_create_window.exe","36048","RegQueryValue","HKLM\SYSTEM\Setup\SystemSetupInProgress","SUCCESS","Type: REG_DWORD, Length: 4, Data: 0"
"10:32:42.7519650 AM","sample_create_window.exe","36048","RegCloseKey","HKLM\SYSTEM\Setup","SUCCESS",""
"10:32:42.7519958 AM","sample_create_window.exe","36048","RegOpenKey","HKLM\SOFTWARE\Microsoft\Windows NT\CurrentVersion\Image File Execution Options\sample_create_window.exe","NAME NOT FOUND","Desired Access: Query Value, Enumerate Sub Keys"
"10:32:42.7521437 AM","sample_create_window.exe","36048","RegQueryKey","HKLM","SUCCESS","Query: HandleTags, HandleTags: 0x0"
"10:32:42.7521721 AM","sample_create_window.exe","36048","RegOpenKey","HKLM\Software\Policies\Microsoft\Windows NT\Rpc","NAME NOT FOUND","Desired Access: Read"
"10:32:42.7522519 AM","sample_create_window.exe","36048","RegQueryKey","HKLM","SUCCESS","Query: HandleTags, HandleTags: 0x0"
"10:32:42.7522802 AM","sample_create_window.exe","36048","RegOpenKey","HKLM\Software\Microsoft\Rpc","SUCCESS","Desired Access: Query Value"
"10:32:42.7523111 AM","sample_create_window.exe","36048","RegQueryValue","HKLM\SOFTWARE\Microsoft\Rpc\IdleTimerWindow","NAME NOT FOUND","Length: 16"
"10:32:42.7523415 AM","sample_create_window.exe","36048","RegCloseKey","HKLM\SOFTWARE\Microsoft\Rpc","SUCCESS",""
"10:32:42.7632681 AM","sample_create_window.exe","36048","RegQueryKey","HKLM","SUCCESS","Query: HandleTags, HandleTags: 0x0"
"10:32:42.7633020 AM","sample_create_window.exe","36048","RegOpenKey","HKLM\SOFTWARE\Microsoft\Windows\CurrentVersion\OOBE","SUCCESS","Desired Access: Query Value"
"10:32:42.7633439 AM","sample_create_window.exe","36048","RegQueryValue","HKLM\SOFTWARE\Microsoft\Windows\CurrentVersion\OOBE\LaunchUserOOBE","NAME NOT FOUND","Length: 16"
"10:32:42.7633748 AM","sample_create_window.exe","36048","RegCloseKey","HKLM\SOFTWARE\Microsoft\Windows\CurrentVersion\OOBE","SUCCESS",""
"10:32:42.7641898 AM","sample_create_window.exe","36048","CreateFile","C:\Windows\System32\TextInputFramework.dll","SUCCESS","Desired Access: Read Attributes, Disposition: Open, Options: Open Reparse Point, Attributes: n/a, ShareMode: Read, Write, Delete, AllocationSize: n/a, OpenResult: Opened"
"10:32:42.7642403 AM","sample_create_window.exe","36048","QueryBasicInformationFile","C:\Windows\System32\TextInputFramework.dll","SUCCESS","CreationTime: 2/15/2023 6:59:18 AM, LastAccessTime: 2/24/2023 10:31:39 AM, LastWriteTime: 2/15/2023 6:59:18 AM, ChangeTime: 2/15/2023 7:43:58 PM, FileAttributes: A"
"10:32:42.7642745 AM","sample_create_window.exe","36048","CloseFile","C:\Windows\System32\TextInputFramework.dll","SUCCESS",""
"10:32:42.7645718 AM","sample_create_window.exe","36048","CreateFile","C:\Windows\System32\TextInputFramework.dll","SUCCESS","Desired Access: Read Data/List Directory, Execute/Traverse, Synchronize, Disposition: Open, Options: Synchronous IO Non-Alert, Non-Directory File, Attributes: n/a, ShareMode: Read, Delete, AllocationSize: n/a, OpenResult: Opened"
"10:32:42.7646542 AM","sample_create_window.exe","36048","CreateFileMapping","C:\Windows\System32\TextInputFramework.dll","FILE LOCKED WITH ONLY READERS","SyncType: SyncTypeCreateSection, PageProtection: PAGE_EXECUTE_WRITECOPY"
"10:32:42.7647341 AM","sample_create_window.exe","36048","CreateFileMapping","C:\Windows\System32\TextInputFramework.dll","SUCCESS","SyncType: SyncTypeOther"
"10:32:42.7649075 AM","sample_create_window.exe","36048","Load Image","C:\Windows\System32\TextInputFramework.dll","SUCCESS","Image Base: 0x7ff829fb0000, Image Size: 0xf9000"
"10:32:42.7650568 AM","sample_create_window.exe","36048","CloseFile","C:\Windows\System32\TextInputFramework.dll","SUCCESS",""
"10:32:42.7660260 AM","sample_create_window.exe","36048","CreateFile","C:\Windows\System32\CoreUIComponents.dll","SUCCESS","Desired Access: Read Attributes, Disposition: Open, Options: Open Reparse Point, Attributes: n/a, ShareMode: Read, Write, Delete, AllocationSize: n/a, OpenResult: Opened"
"10:32:42.7660684 AM","sample_create_window.exe","36048","QueryBasicInformationFile","C:\Windows\System32\CoreUIComponents.dll","SUCCESS","CreationTime: 2/25/2022 9:24:00 PM, LastAccessTime: 2/24/2023 10:31:39 AM, LastWriteTime: 2/25/2022 9:24:00 PM, ChangeTime: 2/15/2023 7:00:06 AM, FileAttributes: A"
"10:32:42.7660854 AM","sample_create_window.exe","36048","CloseFile","C:\Windows\System32\CoreUIComponents.dll","SUCCESS",""
"10:32:42.7662001 AM","sample_create_window.exe","36048","CreateFile","C:\Windows\System32\CoreMessaging.dll","SUCCESS","Desired Access: Read Attributes, Disposition: Open, Options: Open Reparse Point, Attributes: n/a, ShareMode: Read, Write, Delete, AllocationSize: n/a, OpenResult: Opened"
"10:32:42.7662358 AM","sample_create_window.exe","36048","QueryBasicInformationFile","C:\Windows\System32\CoreMessaging.dll","SUCCESS","CreationTime: 11/9/2022 7:16:24 AM, LastAccessTime: 2/24/2023 10:31:39 AM, LastWriteTime: 11/9/2022 7:16:24 AM, ChangeTime: 2/15/2023 7:00:06 AM, FileAttributes: A"
"10:32:42.7662578 AM","sample_create_window.exe","36048","CloseFile","C:\Windows\System32\CoreMessaging.dll","SUCCESS",""
"10:32:42.7667328 AM","sample_create_window.exe","36048","CreateFile","C:\Windows\System32\CoreUIComponents.dll","SUCCESS","Desired Access: Read Data/List Directory, Execute/Traverse, Synchronize, Disposition: Open, Options: Synchronous IO Non-Alert, Non-Directory File, Attributes: n/a, ShareMode: Read, Delete, AllocationSize: n/a, OpenResult: Opened"
"10:32:42.7668086 AM","sample_create_window.exe","36048","CreateFile","C:\Windows\System32\CoreMessaging.dll","SUCCESS","Desired Access: Read Data/List Directory, Execute/Traverse, Synchronize, Disposition: Open, Options: Synchronous IO Non-Alert, Non-Directory File, Attributes: n/a, ShareMode: Read, Delete, AllocationSize: n/a, OpenResult: Opened"
"10:32:42.7668098 AM","sample_create_window.exe","36048","CreateFileMapping","C:\Windows\System32\CoreUIComponents.dll","FILE LOCKED WITH ONLY READERS","SyncType: SyncTypeCreateSection, PageProtection: PAGE_EXECUTE_READWRITE"
"10:32:42.7668581 AM","sample_create_window.exe","36048","CreateFileMapping","C:\Windows\System32\CoreUIComponents.dll","SUCCESS","SyncType: SyncTypeOther"
"10:32:42.7668863 AM","sample_create_window.exe","36048","CreateFileMapping","C:\Windows\System32\CoreMessaging.dll","FILE LOCKED WITH ONLY READERS","SyncType: SyncTypeCreateSection, PageProtection: PAGE_EXECUTE_READWRITE"
"10:32:42.7669350 AM","sample_create_window.exe","36048","CreateFileMapping","C:\Windows\System32\CoreMessaging.dll","SUCCESS","SyncType: SyncTypeOther"
"10:32:42.7670179 AM","sample_create_window.exe","36048","Load Image","C:\Windows\System32\CoreUIComponents.dll","SUCCESS","Image Base: 0x7ff8460a0000, Image Size: 0x35e000"
"10:32:42.7670914 AM","sample_create_window.exe","36048","Load Image","C:\Windows\System32\CoreMessaging.dll","SUCCESS","Image Base: 0x7ff846400000, Image Size: 0xf2000"
"10:32:42.7673160 AM","sample_create_window.exe","36048","Load Image","C:\Windows\System32\SHCore.dll","SUCCESS","Image Base: 0x7ff84b2e0000, Image Size: 0xad000"
"10:32:42.7673638 AM","sample_create_window.exe","36048","Load Image","C:\Windows\System32\ws2_32.dll","SUCCESS","Image Base: 0x7ff84b7a0000, Image Size: 0x6b000"
"10:32:42.7674950 AM","sample_create_window.exe","36048","CloseFile","C:\Windows\System32\CoreMessaging.dll","SUCCESS",""
"10:32:42.7675675 AM","sample_create_window.exe","36048","Load Image","C:\Windows\System32\advapi32.dll","SUCCESS","Image Base: 0x7ff84a350000, Image Size: 0xae000"
"10:32:42.7677102 AM","sample_create_window.exe","36048","CloseFile","C:\Windows\System32\CoreUIComponents.dll","SUCCESS",""
"10:32:42.7684799 AM","sample_create_window.exe","36048","CreateFile","C:\Windows\System32\ntmarta.dll","SUCCESS","Desired Access: Read Attributes, Disposition: Open, Options: Open Reparse Point, Attributes: n/a, ShareMode: Read, Write, Delete, AllocationSize: n/a, OpenResult: Opened"
"10:32:42.7685651 AM","sample_create_window.exe","36048","QueryBasicInformationFile","C:\Windows\System32\ntmarta.dll","SUCCESS","CreationTime: 2/25/2022 9:24:12 PM, LastAccessTime: 2/24/2023 10:32:42 AM, LastWriteTime: 2/25/2022 9:24:12 PM, ChangeTime: 2/15/2023 7:00:06 AM, FileAttributes: A"
"10:32:42.7685885 AM","sample_create_window.exe","36048","CloseFile","C:\Windows\System32\ntmarta.dll","SUCCESS",""
"10:32:42.7686715 AM","sample_create_window.exe","36048","CreateFile","C:\Windows\System32\WinTypes.dll","SUCCESS","Desired Access: Read Attributes, Disposition: Open, Options: Open Reparse Point, Attributes: n/a, ShareMode: Read, Write, Delete, AllocationSize: n/a, OpenResult: Opened"
"10:32:42.7687292 AM","sample_create_window.exe","36048","QueryBasicInformationFile","C:\Windows\System32\WinTypes.dll","SUCCESS","CreationTime: 12/13/2022 8:50:41 PM, LastAccessTime: 2/24/2023 10:31:39 AM, LastWriteTime: 12/13/2022 8:50:41 PM, ChangeTime: 2/15/2023 7:00:06 AM, FileAttributes: A"
"10:32:42.7687486 AM","sample_create_window.exe","36048","CloseFile","C:\Windows\System32\WinTypes.dll","SUCCESS",""
"10:32:42.7687740 AM","sample_create_window.exe","36048","CreateFile","C:\Windows\System32\WinTypes.dll","SUCCESS","Desired Access: Read Attributes, Disposition: Open, Options: Open Reparse Point, Attributes: n/a, ShareMode: Read, Write, Delete, AllocationSize: n/a, OpenResult: Opened"
"10:32:42.7688249 AM","sample_create_window.exe","36048","QueryBasicInformationFile","C:\Windows\System32\WinTypes.dll","SUCCESS","CreationTime: 12/13/2022 8:50:41 PM, LastAccessTime: 2/24/2023 10:31:39 AM, LastWriteTime: 12/13/2022 8:50:41 PM, ChangeTime: 2/15/2023 7:00:06 AM, FileAttributes: A"
"10:32:42.7688435 AM","sample_create_window.exe","36048","CloseFile","C:\Windows\System32\WinTypes.dll","SUCCESS",""
"10:32:42.7691979 AM","sample_create_window.exe","36048","CreateFile","C:\Windows\System32\ntmarta.dll","SUCCESS","Desired Access: Read Data/List Directory, Execute/Traverse, Synchronize, Disposition: Open, Options: Synchronous IO Non-Alert, Non-Directory File, Attributes: n/a, ShareMode: Read, Delete, AllocationSize: n/a, OpenResult: Opened"
"10:32:42.7693057 AM","sample_create_window.exe","36048","CreateFileMapping","C:\Windows\System32\ntmarta.dll","FILE LOCKED WITH ONLY READERS","SyncType: SyncTypeCreateSection, PageProtection: PAGE_EXECUTE_READWRITE"
"10:32:42.7693453 AM","sample_create_window.exe","36048","CreateFileMapping","C:\Windows\System32\ntmarta.dll","SUCCESS","SyncType: SyncTypeOther"
"10:32:42.7696264 AM","sample_create_window.exe","36048","Load Image","C:\Windows\System32\ntmarta.dll","SUCCESS","Image Base: 0x7ff8483f0000, Image Size: 0x33000"
"10:32:42.7697055 AM","sample_create_window.exe","36048","CreateFile","C:\Windows\System32\WinTypes.dll","SUCCESS","Desired Access: Read Data/List Directory, Execute/Traverse, Synchronize, Disposition: Open, Options: Synchronous IO Non-Alert, Non-Directory File, Attributes: n/a, ShareMode: Read, Delete, AllocationSize: n/a, OpenResult: Opened"
"10:32:42.7697082 AM","sample_create_window.exe","36048","CreateFile","C:\Windows\System32\WinTypes.dll","SUCCESS","Desired Access: Read Data/List Directory, Execute/Traverse, Synchronize, Disposition: Open, Options: Synchronous IO Non-Alert, Non-Directory File, Attributes: n/a, ShareMode: Read, Delete, AllocationSize: n/a, OpenResult: Opened"
"10:32:42.7697674 AM","sample_create_window.exe","36048","CloseFile","C:\Windows\System32\ntmarta.dll","SUCCESS",""
"10:32:42.7698023 AM","sample_create_window.exe","36048","CreateFileMapping","C:\Windows\System32\WinTypes.dll","FILE LOCKED WITH ONLY READERS","SyncType: SyncTypeCreateSection, PageProtection: PAGE_EXECUTE_READWRITE"
"10:32:42.7698208 AM","sample_create_window.exe","36048","CreateFileMapping","C:\Windows\System32\WinTypes.dll","FILE LOCKED WITH ONLY READERS","SyncType: SyncTypeCreateSection, PageProtection: PAGE_EXECUTE_READWRITE"
"10:32:42.7698607 AM","sample_create_window.exe","36048","CreateFileMapping","C:\Windows\System32\WinTypes.dll","SUCCESS","SyncType: SyncTypeOther"
"10:32:42.7698835 AM","sample_create_window.exe","36048","CreateFileMapping","C:\Windows\System32\WinTypes.dll","SUCCESS","SyncType: SyncTypeOther"
"10:32:42.7699988 AM","sample_create_window.exe","36048","Load Image","C:\Windows\System32\WinTypes.dll","SUCCESS","Image Base: 0x7ff844d40000, Image Size: 0x154000"
"10:32:42.7700553 AM","sample_create_window.exe","36048","Load Image","C:\Windows\System32\WinTypes.dll","SUCCESS","Image Base: 0x18e9f710000, Image Size: 0x154000"
"10:32:42.7701223 AM","sample_create_window.exe","36048","CloseFile","C:\Windows\System32\WinTypes.dll","SUCCESS",""
"10:32:42.7701432 AM","sample_create_window.exe","36048","CloseFile","C:\Windows\System32\WinTypes.dll","SUCCESS",""
"10:32:42.7704562 AM","sample_create_window.exe","36048","CreateFile","C:\Windows\System32\WinTypes.dll","SUCCESS","Desired Access: Read Attributes, Disposition: Open, Options: Open Reparse Point, Attributes: n/a, ShareMode: Read, Write, Delete, AllocationSize: n/a, OpenResult: Opened"
"10:32:42.7705156 AM","sample_create_window.exe","36048","QueryBasicInformationFile","C:\Windows\System32\WinTypes.dll","SUCCESS","CreationTime: 12/13/2022 8:50:41 PM, LastAccessTime: 2/24/2023 10:32:42 AM, LastWriteTime: 12/13/2022 8:50:41 PM, ChangeTime: 2/15/2023 7:00:06 AM, FileAttributes: A"
"10:32:42.7705349 AM","sample_create_window.exe","36048","CloseFile","C:\Windows\System32\WinTypes.dll","SUCCESS",""
"10:32:42.7713581 AM","sample_create_window.exe","36048","RegQueryValue","HKLM\System\CurrentControlSet\Control\Nls\Sorting\Versions\000603xx","SUCCESS","Type: REG_SZ, Length: 26, Data: kernel32.dll"
"10:32:42.7716974 AM","sample_create_window.exe","36048","CreateFile","C:\Windows\Globalization\Sorting\SortDefault.nls","SUCCESS","Desired Access: Generic Read, Disposition: Open, Options: Synchronous IO Non-Alert, Non-Directory File, Attributes: N, ShareMode: Read, AllocationSize: n/a, OpenResult: Opened"
"10:32:42.7717829 AM","sample_create_window.exe","36048","CreateFileMapping","C:\Windows\Globalization\Sorting\SortDefault.nls","FILE LOCKED WITH ONLY READERS","SyncType: SyncTypeCreateSection, PageProtection: PAGE_EXECUTE_WRITECOPY"
"10:32:42.7718111 AM","sample_create_window.exe","36048","QueryStandardInformationFile","C:\Windows\Globalization\Sorting\SortDefault.nls","SUCCESS","AllocationSize: 3,375,104, EndOfFile: 3,371,404, NumberOfLinks: 2, DeletePending: False, Directory: False"
"10:32:42.7718662 AM","sample_create_window.exe","36048","CreateFileMapping","C:\Windows\Globalization\Sorting\SortDefault.nls","SUCCESS","SyncType: SyncTypeOther"
"10:32:42.7719331 AM","sample_create_window.exe","36048","CloseFile","C:\Windows\Globalization\Sorting\SortDefault.nls","SUCCESS",""
"10:32:42.7720366 AM","sample_create_window.exe","36048","RegOpenKey","HKLM\System\CurrentControlSet\Control\Nls\Sorting\Ids","REPARSE","Desired Access: Read"
"10:32:42.7720982 AM","sample_create_window.exe","36048","RegOpenKey","HKLM\System\CurrentControlSet\Control\Nls\Sorting\Ids","SUCCESS","Desired Access: Read"
"10:32:42.7721655 AM","sample_create_window.exe","36048","RegQueryKey","HKLM","SUCCESS","Query: HandleTags, HandleTags: 0x0"
"10:32:42.7721994 AM","sample_create_window.exe","36048","RegOpenKey","HKLM\SOFTWARE\Microsoft\CTF\Compatibility\AppCompatClassName","NAME NOT FOUND","Desired Access: Read"
"10:32:42.7725985 AM","sample_create_window.exe","36048","RegQueryKey","HKLM","SUCCESS","Query: HandleTags, HandleTags: 0x0"
"10:32:42.7726330 AM","sample_create_window.exe","36048","RegOpenKey","HKLM\SOFTWARE\Microsoft\CTF\","SUCCESS","Desired Access: Read"
"10:32:42.7726953 AM","sample_create_window.exe","36048","RegQueryValue","HKLM\SOFTWARE\Microsoft\CTF\EnableAnchorContext","NAME NOT FOUND","Length: 16"
"10:32:42.7727251 AM","sample_create_window.exe","36048","RegCloseKey","HKLM\SOFTWARE\Microsoft\CTF","SUCCESS",""
"10:32:42.7820880 AM","sample_create_window.exe","36048","RegQueryKey","HKLM","SUCCESS","Query: HandleTags, HandleTags: 0x0"
"10:32:42.7821163 AM","sample_create_window.exe","36048","RegOpenKey","HKLM\Software\Microsoft\Windows NT\CurrentVersion\Windows","SUCCESS","Desired Access: Read"
"10:32:42.7821565 AM","sample_create_window.exe","36048","RegQueryValue","HKLM\SOFTWARE\Microsoft\Windows NT\CurrentVersion\Windows\IsVailContainer","NAME NOT FOUND","Length: 16"
"10:32:42.7821809 AM","sample_create_window.exe","36048","RegCloseKey","HKLM\SOFTWARE\Microsoft\Windows NT\CurrentVersion\Windows","SUCCESS",""
"10:32:42.7822090 AM","sample_create_window.exe","36048","RegQueryKey","HKLM","SUCCESS","Query: HandleTags, HandleTags: 0x0"
"10:32:42.7822309 AM","sample_create_window.exe","36048","RegOpenKey","HKLM\Software\Microsoft\Input","SUCCESS","Desired Access: Read"
"10:32:42.7822601 AM","sample_create_window.exe","36048","RegQueryValue","HKLM\SOFTWARE\Microsoft\Input\ResyncResetTime","NAME NOT FOUND","Length: 16"
"10:32:42.7822876 AM","sample_create_window.exe","36048","RegQueryValue","HKLM\SOFTWARE\Microsoft\Input\MaxResyncAttempts","NAME NOT FOUND","Length: 16"
"10:32:42.7823179 AM","sample_create_window.exe","36048","RegCloseKey","HKLM\SOFTWARE\Microsoft\Input","SUCCESS",""
"10:32:42.7832152 AM","sample_create_window.exe","36048","CreateFile","C:\Windows\SystemResources\user32.dll.mun","NAME NOT FOUND","Desired Access: Read Data/List Directory, Synchronize, Disposition: Open, Options: Synchronous IO Non-Alert, Non-Directory File, Attributes: n/a, ShareMode: Read, Delete, AllocationSize: n/a"
"10:32:42.7948320 AM","sample_create_window.exe","36048","CreateFile","C:\Users\me\source\hello_runner\target\debug\hello.dll","SUCCESS","Desired Access: Read Attributes, Disposition: Open, Options: Open Reparse Point, Attributes: n/a, ShareMode: Read, Write, Delete, AllocationSize: n/a, OpenResult: Opened"
"10:32:42.7949184 AM","sample_create_window.exe","36048","QueryBasicInformationFile","C:\Users\me\source\hello_runner\target\debug\hello.dll","SUCCESS","CreationTime: 2/23/2023 5:25:39 PM, LastAccessTime: 2/24/2023 10:32:28 AM, LastWriteTime: 2/24/2023 10:32:24 AM, ChangeTime: 2/24/2023 10:32:24 AM, FileAttributes: ANCI"
"10:32:42.7949468 AM","sample_create_window.exe","36048","CloseFile","C:\Users\me\source\hello_runner\target\debug\hello.dll","SUCCESS",""
"10:32:42.7953235 AM","sample_create_window.exe","36048","CreateFile","C:\Users\me\source\hello_runner\target\debug\hello.dll","SUCCESS","Desired Access: Read Data/List Directory, Execute/Traverse, Synchronize, Disposition: Open, Options: Synchronous IO Non-Alert, Non-Directory File, Attributes: n/a, ShareMode: Read, Delete, AllocationSize: n/a, OpenResult: Opened"
"10:32:42.7954456 AM","sample_create_window.exe","36048","CreateFileMapping","C:\Users\me\source\hello_runner\target\debug\hello.dll","FILE LOCKED WITH ONLY READERS","SyncType: SyncTypeCreateSection, PageProtection: PAGE_EXECUTE_READWRITE"
"10:32:42.7955266 AM","sample_create_window.exe","36048","CreateFileMapping","C:\Users\me\source\hello_runner\target\debug\deps\hello.dll","SUCCESS","SyncType: SyncTypeOther"
"10:32:42.7957107 AM","sample_create_window.exe","36048","Load Image","C:\Users\me\source\hello_runner\target\debug\deps\hello.dll","SUCCESS","Image Base: 0x7ffff1a80000, Image Size: 0x39000"
"10:32:42.7958747 AM","sample_create_window.exe","36048","CloseFile","C:\Users\me\source\hello_runner\target\debug\hello.dll","SUCCESS",""
"10:32:42.7961288 AM","sample_create_window.exe","36048","RegQueryKey","HKLM","SUCCESS","Query: HandleTags, HandleTags: 0x0"
"10:32:42.7961579 AM","sample_create_window.exe","36048","RegOpenKey","HKLM\Software\Microsoft\Rpc\SecurityService","SUCCESS","Desired Access: Read"
"10:32:42.7962020 AM","sample_create_window.exe","36048","RegQueryValue","HKLM\SOFTWARE\Microsoft\Rpc\SecurityService\DefaultAuthLevel","NAME NOT FOUND","Length: 16"
"10:32:42.7962276 AM","sample_create_window.exe","36048","RegCloseKey","HKLM\SOFTWARE\Microsoft\Rpc\SecurityService","SUCCESS",""
"10:32:50.1192544 AM","sample_create_window.exe","36048","RegOpenKey","HKCU","SUCCESS","Desired Access: Read"
"10:32:50.1192833 AM","sample_create_window.exe","36048","RegQueryKey","HKCU","SUCCESS","Query: HandleTags, HandleTags: 0x0"
"10:32:50.1193036 AM","sample_create_window.exe","36048","RegOpenKey","HKCU\Software\Microsoft\CTF\DirectSwitchHotkeys","SUCCESS","Desired Access: Read"
"10:32:50.1193665 AM","sample_create_window.exe","36048","RegCloseKey","HKCU","SUCCESS",""
"10:32:50.1194240 AM","sample_create_window.exe","36048","RegEnumKey","HKCU\SOFTWARE\Microsoft\CTF\DirectSwitchHotkeys","NO MORE ENTRIES","Index: 0, Length: 288"
"10:32:50.1194535 AM","sample_create_window.exe","36048","RegCloseKey","HKCU\SOFTWARE\Microsoft\CTF\DirectSwitchHotkeys","SUCCESS",""
"10:33:12.7645971 AM","sample_create_window.exe","36048","Thread Create","","SUCCESS","Thread ID: 35724"
"10:33:12.7650670 AM","sample_create_window.exe","36048","Thread Create","","SUCCESS","Thread ID: 36868"
"10:33:42.6572130 AM","sample_create_window.exe","36048","Thread Exit","","SUCCESS","Thread ID: 36176, User Time: 0.0000000, Kernel Time: 0.0156250"
"10:33:42.6572162 AM","sample_create_window.exe","36048","Thread Exit","","SUCCESS","Thread ID: 20308, User Time: 0.0000000, Kernel Time: 0.0156250"
"10:33:42.6572204 AM","sample_create_window.exe","36048","Thread Exit","","SUCCESS","Thread ID: 14852, User Time: 0.0000000, Kernel Time: 0.0000000"
